{"stat.useItem.minecraft.chain_command_block":1,"stat.useItem.projecte.item.pe_divining_rod_2":2,"stat.pickup.minecraft.bone":20,"stat.pickup.projecte.item.pe_volcanite_amulet":1,"stat.leaveGame":19,"stat.useItem.projecte.item.pe_volcanite_amulet":21,"stat.useItem.rftools.dialing_device":6,"stat.killEntity.roots.deer":2,"stat.useItem.enderstorage.enderStorage":5,"stat.pickup.tconstruct.edible":1,"stat.useItem.minecraft.glowstone":4,"stat.swimOneCm":14494,"stat.pickup.quark.ancient_tome":1,"stat.pickup.minecraft.glowstone_dust":3,"stat.useItem.minecraft.fire_charge":1,"stat.useItem.rftoolsdim.dimension_enscriber":5,"stat.drop.botania.root":1,"stat.useItem.exnihiloomnia.crook_wood":5,"stat.pickup.lootbags.itemlootbag":2,"stat.useItem.exnihiloomnia.crook_bone":11,"stat.useItem.minecraft.obsidian":14,"stat.useItem.minecraft.dirt":180,"stat.useItem.projecte.condenser_mk1":18,"achievement.exploreAllBiomes":{"value":0,"progress":["ForestHills","Beach","Stone Beach","Ocean","Forest","River","Plains","Extreme Hills","The End","Deep Ocean","Hell"]},"stat.pickup.taiga.tiberium_ore":1,"stat.useItem.minecraft.water_bucket":41,"stat.pickup.minecraft.rotten_flesh":18,"stat.useItem.projecte.item.pe_rm_katar":15,"stat.pickup.projecte.item.pe_lava_orb":1,"stat.useItem.rftools.matter_transmitter":5,"stat.useItem.extrautils2.decorativebedrock":2,"stat.useItem.extrautils2.itemcreativebuilderswand":32,"stat.pickup.exnihiloomnia.ore_powder":8,"stat.useItem.minecraft.anvil":1,"stat.flyOneCm":1037979,"stat.killEntity.Witch":1,"stat.drop.minecraft.sand":1,"stat.useItem.mysticalagriculture.fertilized_essence":5,"stat.pickup.minecraft.redstone":2,"stat.timeSinceDeath":53993,"stat.useItem.botania.floatingSpecialFlower":5,"stat.craftItem.minecraft.sapling":1,"stat.useItem.rftoolsdim.dimlet_workbench":1,"stat.useItem.rftools.shard_wand":3,"stat.useItem.minecraft.spawn_egg":150,"stat.useItem.extrautils2.user":10,"stat.trappedChestTriggered":23,"stat.drop.gravestone.death_info":3,"stat.furnaceInteraction":2,"stat.pickup.mysticalagriculture.dye_seeds":1,"stat.killEntity.Creeper":7,"stat.pickup.extrautils2.ingredients":20,"stat.talkedToVillager":2,"stat.useItem.projecte.relay_mk3":46,"stat.pickup.minecraft.string":10,"stat.pickup.projecte.item.pe_philosophers_stone":1,"stat.useItem.extrautils2.pipe":23,"stat.pickup.minecraft.beef":4,"stat.useItem.minecraft.redstone":7,"stat.drop.railcraft.ore":1,"stat.sprintOneCm":9851,"stat.useItem.extrautils2.drum":2,"stat.useItem.tconstruct.stone_torch":6,"stat.useItem.extrautils2.passivegenerator":6,"stat.useItem.exnihiloomnia.sieve_wood":1,"achievement.openInventory":359,"stat.useItem.minecraft.snowball":1,"stat.useItem.minecraft.ender_eye":12,"stat.useItem.minecraft.dye":43,"stat.useItem.mysticalagriculture.dye_seeds":1,"stat.deaths":10,"stat.drop":14,"stat.playOneMinute":383395,"stat.useItem.tconstruct.slime_leaves":3,"stat.pickup.tconstruct.stone_torch":1,"stat.pickup.extrautils2.suncrystal":3,"stat.pickup.enderstorage.enderStorage":1,"stat.useItem.botania.root":8,"stat.killEntity.Zombie":4,"stat.pickup.flyringbaublemod.AngelRing":1,"stat.drop.minecraft.chest":1,"stat.pickup.minecraft.snowball":4,"stat.useItem.projecte.item.pe_dm_sword":4,"stat.pickup.minecraft.fire_charge":64,"stat.diveOneCm":153611,"stat.chestOpened":49,"stat.pickup.botania.magnetRingGreater":1,"stat.useItem.minecraft.stone":467,"stat.pickup.minecraft.arrow":16,"stat.pickup.extrautils2.flattransfernode":4,"stat.useItem.mysticalagriculture.ultimate_furnace":1,"stat.useItem.notenoughwands.master_protection_wand":21,"stat.useItem.projecte.interdiction_torch":11,"stat.useItem.simpleachievements.achievement_stand":3,"stat.useItem.mysticalagriculture.supremium_shovel":2,"stat.pickup.minecraft.obsidian":64,"stat.jump":366,"stat.useItem.minecraft.sand":1,"stat.fallOneCm":898,"stat.useItem.tconstruct.tooltables":1,"stat.useItem.minecraft.trapped_chest":1,"stat.useItem.rftools.matter_receiver":3,"stat.useItem.projecte.item.pe_philosophers_stone":48,"stat.pickup.minecraft.gunpowder":9,"stat.crouchOneCm":3853,"stat.pickup.minecraft.spider_eye":4,"stat.pickup.minecraft.dirt":2,"stat.craftingTableInteraction":8,"stat.pickup.minecraft.gold_ore":1,"stat.useItem.rftools.advanced_charged_porter":3,"stat.useItem.minecraft.sapling":1,"stat.useItem.tconstruct.slime_channel":2,"stat.damageTaken":720,"stat.pickup.minecraft.leather":2,"stat.useItem.darkutils.sneaky_bedrock":24,"stat.useItem.exnihiloomnia.end_cake":1,"stat.pickup.minecraft.dye":22,"stat.useItem.minecraft.end_portal_frame":12,"stat.damageDealt":5680,"stat.pickup.projecte.item.pe_time_watch":8,"stat.useItem.quark.colored_bed_item":2,"stat.mineBlock.minecraft.dirt":25,"stat.useItem.minecraft.crafting_table":1,"stat.useItem.chisel.glowstone1":1,"stat.useItem.extrautils2.creativeenergy":21,"stat.useItem.minecraft.command_block":7,"stat.walkOneCm":117610,"stat.useItem.minecraft.chest":5,"stat.pickup.minecraft.stick":1,"stat.useItem.extrautils2.grocket":15,"stat.useItem.projecte.collector_mk3":112,"stat.useItem.minecraft.gold_ore":1,"ftbl.stat.last_seen":{"value":0,"progress":1489341431868},"stat.pickup.exnihiloomnia.dust":566,"stat.pickup.mysticalagriculture.inferium_essence":14,"stat.drop.mysticalagriculture.supremium_shovel":1,"stat.drop.extrautils2.suncrystal":1,"stat.useItem.exnihiloadscensio.blockSieve":1,"achievement.firstTeleport":4,"stat.useItem.rftoolsdim.dimension_editor":1,"stat.craftItem.minecraft.gold_ingot":192,"stat.pickup.minecraft.sapling":1,"stat.useItem.minecraft.leaves":90,"stat.pickup.mysticalagriculture.dye_essence":1,"stat.pickup.minecraft.apple":1,"stat.killEntity.Skeleton":10,"stat.useItem.projecte.dm_pedestal":8,"stat.pickup.minecraft.coal_block":63,"stat.drop.projecte.item.pe_lava_orb":1,"stat.useItem.mysticalagriculture.growth_accelerator":31,"stat.useItem.minecraft.barrier":97,"stat.useItem.mysticalagriculture.dye_crop":2,"stat.killEntity.Spider":15,"stat.mobKills":66,"ftbl.stat.first_joined":{"value":0,"progress":1489255414857},"stat.pickup.projecte.collector_mk3":1,"stat.mineBlock.minecraft.leaves":16,"stat.useItem.rftoolsdim.dimension_builder":4,"stat.sneakTime":10939}