[
  {
    "uuid": "4e558b99-aa1e-4e32-8318-af69d6d93e5d",
    "name": "John_Boanerges",
    "lives": 2,
    "team": {
      "id": -1,
      "lifeSetting": "SHARE",
      "rewardSetting": "ALL",
      "players": [
        {
          "uuid": "4e558b99-aa1e-4e32-8318-af69d6d93e5d",
          "owner": true,
          "bookOpen": false,
          "inTeam": true
        }
      ],
      "reputations": [],
      "questDataList": [
        {
          "questId": "77d98c26-cae7-4ae6-be0c-21508a13db96",
          "questData": {
            "players": 1,
            "rewards": [
              false
            ],
            "completed": false,
            "claimed": false,
            "available": true,
            "time": 0,
            "tasksSize": 1,
            "tasks": [
              {
                "type": "ITEMS",
                "completed": false,
                "count": 1,
                "progress": [
                  0
                ]
              }
            ]
          }
        },
        {
          "questId": "0bdbd1b7-879e-4d06-84c9-1d21fd6ccee7",
          "questData": {
            "players": 1,
            "rewards": [
              false
            ],
            "completed": false,
            "claimed": false,
            "available": true,
            "time": 0,
            "tasksSize": 1,
            "tasks": [
              {
                "type": "ITEMS",
                "completed": false,
                "count": 1,
                "progress": [
                  0
                ]
              }
            ]
          }
        },
        {
          "questId": "9ea2f9bc-a07f-4404-b10e-2de7a7e40474",
          "questData": {
            "players": 1,
            "rewards": [
              false
            ],
            "completed": false,
            "claimed": false,
            "available": true,
            "time": 0,
            "tasksSize": 0,
            "tasks": []
          }
        },
        {
          "questId": "d9cdaecf-ac4a-48e8-be0e-59b78ea9012b",
          "questData": {
            "players": 1,
            "rewards": [
              false
            ],
            "completed": false,
            "claimed": false,
            "available": true,
            "time": 0,
            "tasksSize": 0,
            "tasks": []
          }
        },
        {
          "questId": "6b69dd3c-8df6-4e09-97d2-25dfd19f0f01",
          "questData": {
            "players": 1,
            "rewards": [
              false
            ],
            "completed": false,
            "claimed": false,
            "available": true,
            "time": 0,
            "tasksSize": 0,
            "tasks": []
          }
        },
        {
          "questId": "f20ed8da-6296-45bd-ad4e-8a5bd79f58ab",
          "questData": {
            "players": 1,
            "rewards": [
              false
            ],
            "completed": false,
            "claimed": false,
            "available": true,
            "time": 0,
            "tasksSize": 0,
            "tasks": []
          }
        },
        {
          "questId": "5967d1b0-6ebd-4c5f-bc22-7d26f3026456",
          "questData": {
            "players": 1,
            "rewards": [
              false
            ],
            "completed": false,
            "claimed": false,
            "available": true,
            "time": 0,
            "tasksSize": 0,
            "tasks": []
          }
        },
        {
          "questId": "f5c797e5-9dea-47c5-8cd6-77a3cd86a8ba",
          "questData": {
            "players": 1,
            "rewards": [
              false
            ],
            "completed": false,
            "claimed": false,
            "available": true,
            "time": 0,
            "tasksSize": 1,
            "tasks": [
              {
                "type": "ITEMS",
                "completed": false,
                "count": 3,
                "progress": [
                  0,
                  0,
                  0
                ]
              }
            ]
          }
        },
        {
          "questId": "80d0978e-9a5b-4aa1-a1b6-91a0ac7c4dc7",
          "questData": {
            "players": 1,
            "rewards": [
              false
            ],
            "completed": false,
            "claimed": false,
            "available": true,
            "time": 0,
            "tasksSize": 0,
            "tasks": []
          }
        },
        {
          "questId": "9c438762-ceed-4efd-863c-6f616d0caac1",
          "questData": {
            "players": 1,
            "rewards": [
              false
            ],
            "completed": false,
            "claimed": false,
            "available": true,
            "time": 0,
            "tasksSize": 0,
            "tasks": []
          }
        },
        {
          "questId": "3f6c8c20-6fae-4b2f-b0cf-6062d8361618",
          "questData": {
            "players": 1,
            "rewards": [
              false
            ],
            "completed": false,
            "claimed": false,
            "available": true,
            "time": 0,
            "tasksSize": 0,
            "tasks": []
          }
        },
        {
          "questId": "357aa636-c216-415e-b3a2-c2d511d9f3c1",
          "questData": {
            "players": 1,
            "rewards": [
              false
            ],
            "completed": false,
            "claimed": false,
            "available": true,
            "time": 0,
            "tasksSize": 0,
            "tasks": []
          }
        },
        {
          "questId": "8b2713b1-c0fa-41fb-88cf-2c9e7c77e770",
          "questData": {
            "players": 1,
            "rewards": [
              false
            ],
            "completed": false,
            "claimed": false,
            "available": true,
            "time": 0,
            "tasksSize": 0,
            "tasks": []
          }
        },
        {
          "questId": "b591b5df-a568-47e4-8f44-dd0814504561",
          "questData": {
            "players": 1,
            "rewards": [
              false
            ],
            "completed": false,
            "claimed": false,
            "available": true,
            "time": 0,
            "tasksSize": 1,
            "tasks": [
              {
                "type": "ITEMS",
                "completed": false,
                "count": 2,
                "progress": [
                  0,
                  0
                ]
              }
            ]
          }
        },
        {
          "questId": "45e46c7f-c852-46c1-839a-2e893ba19faa",
          "questData": {
            "players": 1,
            "rewards": [
              false
            ],
            "completed": false,
            "claimed": false,
            "available": true,
            "time": 0,
            "tasksSize": 1,
            "tasks": [
              {
                "type": "ITEMS",
                "completed": false,
                "count": 4,
                "progress": [
                  1,
                  1,
                  0,
                  16
                ]
              }
            ]
          }
        },
        {
          "questId": "da6016d3-a0d9-4454-ad43-1d20e0ab53ab",
          "questData": {
            "players": 1,
            "rewards": [
              false
            ],
            "completed": false,
            "claimed": false,
            "available": true,
            "time": 0,
            "tasksSize": 0,
            "tasks": []
          }
        },
        {
          "questId": "d268512c-97b0-4bf6-ba3e-f2ed2840960c",
          "questData": {
            "players": 1,
            "rewards": [
              false
            ],
            "completed": false,
            "claimed": false,
            "available": true,
            "time": 0,
            "tasksSize": 0,
            "tasks": []
          }
        },
        {
          "questId": "833f4d5e-6b62-41a9-b78f-2f002653c61a",
          "questData": {
            "players": 1,
            "rewards": [
              false
            ],
            "completed": false,
            "claimed": false,
            "available": true,
            "time": 0,
            "tasksSize": 0,
            "tasks": []
          }
        },
        {
          "questId": "07943600-b047-4797-8519-fa7449806fbf",
          "questData": {
            "players": 1,
            "rewards": [
              false
            ],
            "completed": false,
            "claimed": false,
            "available": true,
            "time": 0,
            "tasksSize": 0,
            "tasks": []
          }
        },
        {
          "questId": "ef0cd1b9-bb25-4a77-b4be-3f324a9383a4",
          "questData": {
            "players": 1,
            "rewards": [
              false
            ],
            "completed": false,
            "claimed": false,
            "available": true,
            "time": 0,
            "tasksSize": 0,
            "tasks": []
          }
        },
        {
          "questId": "0c780b93-6d28-42c3-b4c0-c02382abc7df",
          "questData": {
            "players": 1,
            "rewards": [
              false
            ],
            "completed": false,
            "claimed": false,
            "available": true,
            "time": 0,
            "tasksSize": 0,
            "tasks": []
          }
        }
      ],
      "invites": []
    },
    "selectedQuest": "5967d1b0-6ebd-4c5f-bc22-7d26f3026456",
    "playedLore": false,
    "receivedBook": true,
    "groupData": {},
    "deaths": {
      "4e558b99-aa1e-4e32-8318-af69d6d93e5d": [
        0,
        0,
        0,
        0,
        0,
        0,
        0,
        0,
        0,
        0,
        0,
        0,
        0,
        0,
        0
      ]
    }
  }
]