{"John_Boanerges":[{"Welcome to Mystical Survival! You are straned on an island wiht just this book, a lexia botania and some root, maybe you could use that for something?":false},{"Aquire Living Root, and craft a sapling":false},{"Aquire wood":false},{"Make an axe and pickaxe out of stone":false},{"Make a furnace and smelt some iron?":false},{"Make a set of iron or copper armour":false},{"Build a 9x9 platform for spawning mods":false},{"Build a bedrock wall (The Donald Trump Achievement)":false},{"\u003d\u003d\u003d Getting Tricky \u003d\u003d\u003d":false},{"Be Able To Mine Everything In The Game":false},{"Find A meteroite":false},{"Make A Redstone Seed":false},{"Find Diamonds":false},{"\u003d\u003d\u003d End Game \u003d\u003d\u003d":false},{"Be able to survive in the nether without any problems":false},{"Wear Full Zivicio Armour":false},{"Kill the enderdragon":false},{"Kill the wither boss":false},{"jump into lava":false}]}