{
  "questSettings": {
    "betterquesting": {
      "livesMax": 10,
      "home_anchor_y": 0.0,
      "livesDef": 3,
      "home_anchor_x": 0.5,
      "hardcore": false,
      "home_image": "betterquesting:textures/gui/default_title.png",
      "editMode": true,
      "home_offset_x": -128,
      "home_offset_y": 0
    }
  },
  "questDatabase": [
    {
      "properties": {
        "betterquesting": {
          "snd_complete": "minecraft:entity.player.levelup",
          "taskLogic": "AND",
          "partySingleReward": false,
          "isMain": false,
          "simultaneous": false,
          "icon": {
            "id": "minecraft:nether_star",
            "Count": 1,
            "OreDict": "",
            "Damage": 0
          },
          "snd_update": "minecraft:entity.player.levelup",
          "repeatTime": -1,
          "globalShare": false,
          "questLogic": "AND",
          "name": "New Quest",
          "lockedProgress": false,
          "autoClaim": false,
          "isSilent": false,
          "desc": "No Description"
        }
      },
      "tasks": [],
      "rewards": [],
      "preRequisites": [],
      "questID": 0
    }
  ],
  "questLines": [],
  "format": "1.0.0"
}