{
  "tabname": "CustomAchievements",
  "achievements": [
    {
      "uid": "detectLog",
      "name": "Log detected",
      "desc": "Pick up a log",
      "type": "Detect",
      "item": "minecraft:log",
      "ignoreMeta": true,
      "trophy": false,
      "xpos": 0,
      "ypos": 0
    },
    {
      "uid": "craftAcaciaPlanks",
      "name": "Acacia Planks crafted",
      "desc": "Craft Acacia Planks",
      "type": "Craft",
      "item": "minecraft:planks",
      "meta": 4,
      "ignoreMeta": false,
      "parent": "detectLog",
      "trophy": true,
      "xpos": 1,
      "ypos": 0
    }
  ]
}