{
  "tools": {
    "axe": {
      "name": "Axe",
      "icon": "minecraft:diamond_axe",
      "toollist": [
        "IC2:itemToolBronzeAxe",
        "IC2:itemToolChainsaw",
        "appliedenergistics2:item.ToolCertusQuartzAxe",
        "appliedenergistics2:item.ToolNetherQuartzAxe",
        "minecraft:diamond_axe",
        "minecraft:golden_axe",
        "minecraft:iron_axe",
        "minecraft:stone_axe",
        "minecraft:wooden_axe",
        "tconstruct:hatchet"
      ],
      "blocklist": [
        "harvestcraft:pamCinnamon/0",
        "harvestcraft:pamMaple/0",
        "harvestcraft:pamPaperbark/0",
        "ic2:leaves",
        "minecraft:fence",
        "minecraft:leaves",
        "minecraft:leaves2",
        "minecraft:log",
        "minecraft:log2",
        "roots:logWildwood/0",
        "tconstruct:slime_leaves"
      ]
    },
    "crook": {
      "name": "Crook",
      "icon": "exnihiloomnia:crook_wood",
      "toollist": [
        "exnihiloomnia:crook_bone",
        "exnihiloomnia:crook_wood"
      ],
      "blocklist": [
        "exnihiloadscensio:blockInfestedLeaves",
        "minecraft:leaves",
        "minecraft:leaves2",
        "minecraft:tallgrass",
        "quark:leaf_carpet",
        "roots:leafyGrass",
        "roots:leavesAzurepine",
        "roots:leavesElderpine",
        "roots:leavesWildwood",
        "tconstruct:slime_leaves"
      ]
    },
    "hammer": {
      "name": "Hammer",
      "icon": "exnihiloomnia:hammer_diamond",
      "toollist": [
        "exnihiloomnia:hammer_diamond",
        "exnihiloomnia:hammer_gold",
        "exnihiloomnia:hammer_iron",
        "exnihiloomnia:hammer_stone",
        "exnihiloomnia:hammer_wood"
      ],
      "blocklist": [
        "exnihiloomnia:aluminum/0",
        "exnihiloomnia:aluminum/2",
        "exnihiloomnia:aluminum/3",
        "exnihiloomnia:ardite/1",
        "exnihiloomnia:ardite/3",
        "exnihiloomnia:cobalt/1",
        "exnihiloomnia:cobalt/3",
        "exnihiloomnia:copper/0",
        "exnihiloomnia:copper/1",
        "exnihiloomnia:copper/3",
        "exnihiloomnia:gold/0",
        "exnihiloomnia:gold/1",
        "exnihiloomnia:gold/3",
        "exnihiloomnia:iron/0",
        "exnihiloomnia:iron/1",
        "exnihiloomnia:iron/3",
        "exnihiloomnia:lead/0",
        "exnihiloomnia:lead/2",
        "exnihiloomnia:lead/3",
        "exnihiloomnia:nickel/0",
        "exnihiloomnia:nickel/1",
        "exnihiloomnia:nickel/3",
        "exnihiloomnia:platinum/0",
        "exnihiloomnia:platinum/2",
        "exnihiloomnia:platinum/3",
        "exnihiloomnia:silver/0",
        "exnihiloomnia:silver/2",
        "exnihiloomnia:silver/3",
        "exnihiloomnia:tin/0",
        "exnihiloomnia:tin/2",
        "exnihiloomnia:tin/3",
        "exnihiloomnia:uranium/0",
        "exnihiloomnia:uranium/3",
        "minecraft:cobblestone/0",
        "minecraft:end_stone",
        "minecraft:furnace",
        "minecraft:gravel/0",
        "minecraft:netherrack",
        "minecraft:sand/0",
        "minecraft:sandstone",
        "minecraft:stone/0"
      ]
    },
    "hoe": {
      "name": "Hoe",
      "icon": "minecraft:diamond_hoe",
      "toollist": [
        "IC2:itemToolBronzeHoe",
        "appliedenergistics2:item.ToolCertusQuartzHoe",
        "appliedenergistics2:item.ToolNetherQuartzHoe",
        "minecraft:diamond_hoe",
        "minecraft:golden_hoe",
        "minecraft:iron_hoe",
        "minecraft:stone_hoe",
        "minecraft:wooden_hoe",
        "tconstruct:mattock"
      ],
      "blocklist": [
        "minecraft:carrots",
        "minecraft:melon_block",
        "minecraft:potatoes",
        "minecraft:pumpkin",
        "minecraft:wheat"
      ]
    },
    "pickaxe": {
      "name": "Pickaxe",
      "icon": "minecraft:diamond_pickaxe",
      "toollist": [
        "IC2:itemToolBronzePickaxe",
        "IC2:itemToolDDrill",
        "IC2:itemToolDrill",
        "IC2:itemToolIridiumDrill",
        "appliedenergistics2:item.ToolCertusQuartzPickaxe",
        "appliedenergistics2:item.ToolNetherQuartzPickaxe",
        "minecraft:diamond_pickaxe",
        "minecraft:golden_pickaxe",
        "minecraft:iron_pickaxe",
        "minecraft:stone_pickaxe",
        "minecraft:wooden_pickaxe",
        "tconstruct:pickaxe"
      ],
      "blocklist": [
        "appliedenergistics2:charged_quartz_ore/0",
        "appliedenergistics2:quartz_ore/0",
        "deepresonance:resonating_ore/0",
        "draconicevolution:draconium_ore/0",
        "ic2:resource/1",
        "ic2:resource/2",
        "ic2:resource/3",
        "ic2:resource/4",
        "immersiveengineering:ore/0",
        "immersiveengineering:ore/1",
        "immersiveengineering:ore/2",
        "immersiveengineering:ore/3",
        "immersiveengineering:ore/4",
        "immersiveengineering:ore/5",
        "mekanism:OreBlock/0",
        "mekanism:OreBlock/1",
        "mekanism:OreBlock/2",
        "minecraft:coal_ore",
        "minecraft:cobblestone_wall",
        "minecraft:diamond_ore",
        "minecraft:emerald_ore",
        "minecraft:glowstone",
        "minecraft:gold_ore",
        "minecraft:iron_ore",
        "minecraft:lapis_ore",
        "minecraft:lit_redstone_ore",
        "minecraft:mossy_cobblestone",
        "minecraft:nether_brick_fence",
        "minecraft:obsidian",
        "minecraft:quartz_ore",
        "minecraft:redstone_ore",
        "mysticalagriculture:end_inferium_ore/0",
        "mysticalagriculture:end_prosperity_ore/0",
        "mysticalagriculture:inferium_ore/0",
        "mysticalagriculture:nether_inferium_ore/0",
        "mysticalagriculture:nether_prosperity_ore/0",
        "mysticalagriculture:prosperity_ore/0",
        "nethercore:ore/0",
        "nethercore:ore/1",
        "nethercore:ore/2",
        "nethercore:ore/3",
        "nethercore:ore/4",
        "nethercore:ore/5",
        "nethercore:ore/6",
        "nethercore:ore/7",
        "railcraft:ore/0",
        "railcraft:ore/1",
        "railcraft:ore/2",
        "railcraft:ore/3",
        "railcraft:ore/4",
        "railcraft:ore/5",
        "railcraft:ore/6",
        "railcraft:ore/7",
        "railcraft:ore/8",
        "railcraft:ore/9",
        "railcraft:ore/10",
        "railcraft:ore/11",
        "railcraft:ore/12",
        "railcraft:ore/13",
        "railcraft:ore/14",
        "railcraft:ore_magic/0",
        "taiga:abyssum_ore/0",
        "taiga:aurorium_ore/0",
        "taiga:dilithium_block/0",
        "taiga:duranite_ore/0",
        "taiga:eezo_ore/0",
        "taiga:jauxum_ore/0",
        "taiga:karmesine_ore/0",
        "taiga:osram_ore/0",
        "taiga:ovium_ore/0",
        "taiga:palladium_ore/0",
        "taiga:prometheum_ore/0",
        "taiga:tiberium_ore/0",
        "taiga:uru_ore/0",
        "taiga:valyrium_ore/0",
        "taiga:vibranium_ore/0",
        "tconstruct:ore/0",
        "tconstruct:ore/1",
        "thermalfoundation:ore/0",
        "thermalfoundation:ore/1",
        "thermalfoundation:ore/2",
        "thermalfoundation:ore/3",
        "thermalfoundation:ore/4",
        "thermalfoundation:ore/5",
        "thermalfoundation:ore/6",
        "thermalfoundation:ore/7",
        "thermalfoundation:ore/8"
      ]
    },
    "shears": {
      "name": "Shears",
      "icon": "minecraft:shears",
      "toollist": [
        "IC2:itemToolBronzeHoe",
        "minecraft:shears"
      ],
      "blocklist": [
        "ic2:leaves",
        "minecraft:deadbush",
        "minecraft:leaves",
        "minecraft:leaves2",
        "minecraft:tallgrass",
        "minecraft:vine",
        "minecraft:web",
        "minecraft:wool",
        "tconstruct:slime_leaves"
      ]
    },
    "shovel": {
      "name": "Shovel",
      "icon": "minecraft:diamond_shovel",
      "toollist": [
        "IC2:itemToolBronzeSpade",
        "appliedenergistics2:item.ToolCertusQuartzSpade",
        "appliedenergistics2:item.ToolNetherQuartzSpade",
        "minecraft:diamond_shovel",
        "minecraft:golden_shovel",
        "minecraft:iron_shovel",
        "minecraft:stone_shovel",
        "minecraft:wooden_shovel",
        "tconstruct:mattock",
        "tconstruct:shovel"
      ],
      "blocklist": [
        "minecraft:clay",
        "minecraft:gravel"
      ]
    }
  }
}