{
  "ftbu": {
    "render_badges": true,
    "journeymap_overlay": true
  },
  "sidebar_button": {
    "ftbu": {
      "guide": true,
      "toggle": {
        "night": true,
        "gamemode": true,
        "day": true,
        "rain": true
      },
      "heal": true,
      "trash_can": true,
      "server_info": true,
      "shop": true,
      "claimed_chunks": true
    },
    "ftbl": {
      "my_server_settings": true
    }
  },
  "ftbl": {
    "notifications": "screen",
    "gui": {
      "info": {
        "border_width": 15,
        "color_background": -527142,
        "border_height": 15,
        "color_text": -8690380
      },
      "enable_chunk_selector_depth": true
    },
    "action_buttons_on_top": true,
    "item_ore_names": false
  }
}