[{"name":"John_Boanerges","books":[{"name":"book_demo","checked":[]}]},{"name":"TextComponent{text\u003d\u0027\u0027, siblings\u003d[TextComponent{text\u003d\u0027John_Boanerges\u0027, siblings\u003d[], style\u003dStyle{hasParent\u003dtrue, color\u003dnull, bold\u003dnull, italic\u003dnull, underlined\u003dnull, obfuscated\u003dnull, clickEvent\u003dClickEvent{action\u003dSUGGEST_COMMAND, value\u003d\u0027/msg John_Boanerges \u0027}, hoverEvent\u003dHoverEvent{action\u003dSHOW_ENTITY, value\u003d\u0027TextComponent{text\u003d\u0027{name:\"John_Boanerges\",id:\"4e558b99-aa1e-4e32-8318-af69d6d93e5d\"}\u0027, siblings\u003d[], style\u003dStyle{hasParent\u003dfalse, color\u003dnull, bold\u003dnull, italic\u003dnull, underlined\u003dnull, obfuscated\u003dnull, clickEvent\u003dnull, hoverEvent\u003dnull, insertion\u003dnull}}\u0027}, insertion\u003dJohn_Boanerges}}], style\u003dStyle{hasParent\u003dfalse, color\u003dnull, bold\u003dnull, italic\u003dnull, underlined\u003dnull, obfuscated\u003dnull, clickEvent\u003dClickEvent{action\u003dSUGGEST_COMMAND, value\u003d\u0027/msg John_Boanerges \u0027}, hoverEvent\u003dHoverEvent{action\u003dSHOW_ENTITY, value\u003d\u0027TextComponent{text\u003d\u0027{name:\"John_Boanerges\",id:\"4e558b99-aa1e-4e32-8318-af69d6d93e5d\"}\u0027, siblings\u003d[], style\u003dStyle{hasParent\u003dfalse, color\u003dnull, bold\u003dnull, italic\u003dnull, underlined\u003dnull, obfuscated\u003dnull, clickEvent\u003dnull, hoverEvent\u003dnull, insertion\u003dnull}}\u0027}, insertion\u003dJohn_Boanerges}}","books":[]}]